tenure,churn,monthly_charges,contract_type,internet_service,gender
6,1,75.33,Two year,DSL,Male
37,1,29.94,Month-to-month,Fiber optic,Male
16,1,81.41,Month-to-month,No,Male
11,1,88.32,Month-to-month,DSL,Female
3,0,86.79,One year,DSL,Male
3,0,102.42,Month-to-month,No,Female
1,1,95.02,Month-to-month,DSL,Male
25,1,83.78,Month-to-month,Fiber optic,Female
12,0,67.9,Month-to-month,No,Female
15,0,20.17,Month-to-month,DSL,Female
1,1,82.89,Month-to-month,Fiber optic,Male
43,0,76.23,Month-to-month,DSL,Male
22,1,78.15,Month-to-month,DSL,Male
3,0,31.7,Month-to-month,Fiber optic,Female
3,0,37.57,One year,Fiber optic,Female
3,1,101.59,Month-to-month,No,Male
5,0,68.81,Month-to-month,Fiber optic,Female
9,1,90.45,Month-to-month,DSL,Female
7,1,70.85,Two year,DSL,Female
5,1,70.89,Month-to-month,DSL,Male
12,1,98.15,Month-to-month,DSL,Female
2,1,54.52,One year,DSL,Male
5,0,72.88,Month-to-month,DSL,Male
6,1,56.13,Month-to-month,Fiber optic,Male
8,0,56.97,Month-to-month,Fiber optic,Male
19,1,60.72,Two year,Fiber optic,Male
3,1,76.66,Month-to-month,Fiber optic,Female
9,0,55.64,One year,DSL,Male
11,1,107.67,Two year,DSL,Male
1,1,43.16,Month-to-month,Fiber optic,Male
12,0,64.39,Month-to-month,Fiber optic,Female
3,1,56.81,Month-to-month,DSL,Female
1,0,113.41,Month-to-month,Fiber optic,Female
36,1,75.9,Month-to-month,Fiber optic,Female
41,0,100.96,Two year,Fiber optic,Male
20,0,25.43,One year,DSL,Male
5,0,78.01,One year,Fiber optic,Female
2,1,96.69,Month-to-month,Fiber optic,Female
14,0,72.47,One year,Fiber optic,Female
7,0,101.96,Two year,Fiber optic,Female
2,0,54.48,One year,Fiber optic,Male
9,1,112.28,Month-to-month,Fiber optic,Female
1,1,138.97,One year,DSL,Female
29,0,59.11,Month-to-month,Fiber optic,Female
4,1,56.63,Month-to-month,Fiber optic,Female
14,1,113.6,Month-to-month,Fiber optic,Female
5,1,117.39,One year,DSL,Female
9,0,54.31,One year,DSL,Female
10,0,57.39,Month-to-month,No,Male
3,1,61.55,Month-to-month,Fiber optic,Male
42,0,29.67,Month-to-month,No,Male
18,0,42.44,Month-to-month,Fiber optic,Male
34,0,39.88,Month-to-month,Fiber optic,Male
28,0,46.97,Month-to-month,Fiber optic,Male
11,1,68.96,One year,No,Female
31,0,77.03,Month-to-month,Fiber optic,Female
2,1,116.52,Month-to-month,Fiber optic,Male
3,0,40.05,Month-to-month,DSL,Female
1,0,99.53,Two year,Fiber optic,Male
5,0,63.58,One year,Fiber optic,Female
6,1,68.52,One year,DSL,Female
4,1,90.24,Month-to-month,DSL,Female
22,1,36.32,Month-to-month,DSL,Female
6,1,81.47,Month-to-month,DSL,Female
4,1,74.99,One year,DSL,Female
10,0,84.77,Two year,Fiber optic,Male
2,1,78.68,One year,No,Male
20,1,143.66,Two year,Fiber optic,Female
1,0,50.87,One year,DSL,Male
53,0,54.07,Month-to-month,DSL,Female
18,0,51.31,Two year,Fiber optic,Male
3,1,53.34,Month-to-month,DSL,Female
1,1,50.88,Month-to-month,Fiber optic,Male
21,0,105.67,Month-to-month,Fiber optic,Female
15,1,112.62,Month-to-month,Fiber optic,Male
16,1,52.88,Month-to-month,DSL,Female
18,0,45.03,Month-to-month,Fiber optic,Male
1,1,84.14,Month-to-month,DSL,Female
6,0,53.43,Month-to-month,No,Female
2,1,88.99,Month-to-month,Fiber optic,Female
24,1,76.09,Month-to-month,DSL,Male
12,0,24.53,Month-to-month,DSL,Male
5,1,116.43,Month-to-month,DSL,Male
1,0,123.88,One year,Fiber optic,Female
5,0,51.62,One year,DSL,Male
5,0,58.37,One year,Fiber optic,Female
16,0,78.58,One year,DSL,Male
13,1,80.03,Month-to-month,Fiber optic,Male
27,0,89.76,One year,Fiber optic,Male
8,1,130.31,Month-to-month,Fiber optic,Male
2,0,64.69,Month-to-month,Fiber optic,Female
15,0,46.05,One year,DSL,Male
18,0,28.62,Month-to-month,DSL,Male
10,1,48.07,One year,Fiber optic,Female
18,0,69.01,One year,DSL,Female
9,1,123.84,Two year,Fiber optic,Male
9,0,54.47,Two year,DSL,Male
7,1,76.71,Month-to-month,DSL,Female
1,0,69.51,Month-to-month,DSL,Female
2,0,105.65,Month-to-month,No,Female
1,1,145.81,Month-to-month,DSL,Male
13,0,54.07,One year,Fiber optic,Male
5,0,55.32,One year,DSL,Male
9,1,101.32,One year,Fiber optic,Female
29,1,90.46,Month-to-month,DSL,Female
4,1,125.4,Month-to-month,No,Female
7,0,87.52,Month-to-month,No,Male
17,0,59.22,Month-to-month,DSL,Female
4,0,87.72,Two year,No,Male
1,1,103.26,Month-to-month,No,Female
5,1,94.61,Month-to-month,Fiber optic,Male
3,1,85.22,Month-to-month,Fiber optic,Male
32,0,102.0,One year,DSL,Female
20,1,105.08,One year,Fiber optic,Male
13,1,111.46,Month-to-month,DSL,Female
25,1,89.46,Month-to-month,DSL,Male
20,0,64.99,Month-to-month,No,Female
3,0,74.4,Month-to-month,DSL,Female
27,1,106.2,One year,Fiber optic,Male
10,0,45.49,One year,Fiber optic,Female
20,0,81.06,Month-to-month,No,Male
28,0,58.2,Month-to-month,No,Female
5,0,70.86,Two year,DSL,Female
2,1,108.35,Month-to-month,DSL,Female
4,1,75.73,One year,Fiber optic,Female
7,1,71.39,Month-to-month,DSL,Male
21,0,29.2,Month-to-month,DSL,Female
24,1,92.39,Month-to-month,DSL,Female
1,1,89.36,Month-to-month,Fiber optic,Male
9,0,134.9,Two year,Fiber optic,Male
7,0,60.77,Month-to-month,DSL,Male
4,1,76.57,Month-to-month,Fiber optic,Male
2,0,77.48,Month-to-month,DSL,Male
5,1,117.32,Month-to-month,DSL,Male
35,0,67.14,Month-to-month,Fiber optic,Female
5,0,78.37,Month-to-month,Fiber optic,Male
9,0,88.24,One year,Fiber optic,Female
15,0,75.6,Month-to-month,DSL,Male
6,0,56.61,Month-to-month,Fiber optic,Female
43,0,75.82,Two year,Fiber optic,Female
40,1,102.21,Month-to-month,Fiber optic,Female
4,0,39.2,Two year,Fiber optic,Male
9,1,73.99,Month-to-month,No,Male
5,1,49.0,Two year,Fiber optic,Male
5,0,105.85,One year,Fiber optic,Male
1,0,24.3,One year,No,Female
12,1,53.23,Two year,Fiber optic,Male
9,1,81.32,Month-to-month,Fiber optic,Female
1,1,116.97,Two year,Fiber optic,Female
4,0,68.03,Month-to-month,DSL,Male
29,1,53.34,Month-to-month,DSL,Male
4,1,126.43,Month-to-month,Fiber optic,Male
2,1,26.56,Month-to-month,No,Female
9,1,18.0,Month-to-month,No,Male
51,1,83.2,Month-to-month,DSL,Female
4,0,54.94,Month-to-month,Fiber optic,Male
14,1,39.36,One year,DSL,Female
18,0,91.25,One year,No,Male
4,0,77.31,Month-to-month,No,Male
16,1,53.08,Month-to-month,Fiber optic,Female
6,0,31.59,Month-to-month,Fiber optic,Male
13,0,96.17,Month-to-month,Fiber optic,Male
13,0,89.51,Month-to-month,Fiber optic,Male
10,1,67.02,Month-to-month,DSL,Male
2,1,125.4,Month-to-month,Fiber optic,Male
22,0,37.9,Two year,Fiber optic,Male
5,0,24.23,Month-to-month,Fiber optic,Male
3,1,49.24,Month-to-month,DSL,Female
1,0,68.63,Month-to-month,No,Female
11,0,77.3,Month-to-month,DSL,Male
14,1,62.76,Month-to-month,Fiber optic,Male
1,0,80.56,One year,Fiber optic,Male
9,0,32.45,Month-to-month,Fiber optic,Female
4,0,113.31,Month-to-month,Fiber optic,Female
13,0,67.54,Two year,DSL,Male
3,0,103.52,Two year,DSL,Female
15,0,80.28,One year,Fiber optic,Male
6,0,83.7,Month-to-month,Fiber optic,Male
34,0,87.09,One year,DSL,Male
2,1,83.43,Month-to-month,Fiber optic,Male
6,0,89.28,Month-to-month,Fiber optic,Female
2,1,109.87,Month-to-month,Fiber optic,Female
32,0,75.9,Month-to-month,Fiber optic,Male
26,1,91.27,Month-to-month,DSL,Female
4,0,67.31,Month-to-month,DSL,Female
13,0,113.2,Two year,Fiber optic,Male
21,0,49.71,Two year,Fiber optic,Female
10,0,124.03,One year,Fiber optic,Male
10,1,68.8,Month-to-month,Fiber optic,Male
4,0,27.08,Two year,Fiber optic,Male
2,0,73.84,Month-to-month,No,Male
28,0,49.57,One year,Fiber optic,Female
28,1,95.22,Month-to-month,Fiber optic,Male
13,0,50.42,One year,Fiber optic,Female
5,1,56.61,Month-to-month,DSL,Male
6,0,18.0,Two year,Fiber optic,Male
16,0,56.43,Two year,DSL,Female
28,1,18.0,Month-to-month,No,Male
27,0,22.48,Month-to-month,Fiber optic,Female
19,0,92.81,Two year,Fiber optic,Female
13,0,93.57,Month-to-month,DSL,Male
2,0,82.76,Two year,DSL,Male
3,1,40.99,Month-to-month,DSL,Male
28,0,68.57,Month-to-month,Fiber optic,Male
12,1,69.89,Month-to-month,DSL,Male
1,0,35.25,Month-to-month,Fiber optic,Male
2,0,115.1,One year,No,Female
14,0,96.32,Month-to-month,No,Female
1,1,63.37,Month-to-month,Fiber optic,Male
3,1,70.81,Month-to-month,DSL,Female
10,1,76.25,Month-to-month,No,Female
15,0,18.0,Two year,No,Male
13,1,62.58,Two year,DSL,Male
4,1,49.54,Month-to-month,Fiber optic,Female
15,0,39.95,One year,DSL,Male
4,0,61.57,One year,Fiber optic,Female
5,0,123.93,Month-to-month,No,Male
17,0,89.23,Two year,DSL,Female
13,1,52.86,Month-to-month,No,Female
23,1,87.18,Month-to-month,Fiber optic,Female
13,1,111.98,Two year,No,Female
11,0,97.74,Month-to-month,Fiber optic,Male
2,0,71.79,One year,Fiber optic,Male
6,0,50.59,Two year,DSL,Female
4,1,90.95,Month-to-month,DSL,Female
4,1,81.8,Two year,DSL,Male
44,1,96.86,Month-to-month,No,Male
6,1,89.06,Month-to-month,Fiber optic,Female
27,0,101.49,One year,No,Female
12,0,53.94,Two year,No,Female
20,1,109.52,Month-to-month,DSL,Female
9,1,75.93,Month-to-month,DSL,Female
11,0,132.26,One year,DSL,Male
9,1,49.32,One year,DSL,Female
3,1,122.08,One year,DSL,Male
16,1,75.94,Month-to-month,Fiber optic,Male
4,1,50.46,Month-to-month,DSL,Male
1,1,55.48,Month-to-month,DSL,Female
13,1,60.39,One year,DSL,Male
3,1,82.72,Month-to-month,DSL,Male
34,1,85.69,Month-to-month,No,Male
37,0,52.79,Two year,Fiber optic,Male
30,1,69.27,Month-to-month,No,Female
6,1,134.27,Two year,Fiber optic,Female
1,0,121.83,One year,DSL,Male
32,0,83.09,One year,Fiber optic,Male
7,1,71.14,Month-to-month,DSL,Female
41,1,73.6,Month-to-month,DSL,Female
40,0,88.41,One year,DSL,Female
24,0,39.32,One year,DSL,Male
5,0,62.28,One year,DSL,Female
6,1,19.94,Month-to-month,DSL,Male
23,1,81.98,One year,Fiber optic,Male
5,1,89.42,One year,DSL,Female
3,0,55.5,One year,DSL,Male
10,0,117.22,One year,Fiber optic,Female
34,0,33.23,One year,DSL,Male
15,0,26.07,One year,DSL,Female
11,0,76.73,Month-to-month,No,Male
2,1,101.41,Month-to-month,DSL,Male
12,1,120.52,Month-to-month,DSL,Female
56,1,56.23,Month-to-month,Fiber optic,Female
2,1,102.36,Month-to-month,DSL,Female
9,1,68.84,Month-to-month,Fiber optic,Female
26,1,64.82,Month-to-month,Fiber optic,Male
17,0,96.51,Month-to-month,DSL,Female
15,0,89.57,One year,Fiber optic,Female
15,0,22.71,Two year,Fiber optic,Male
6,1,114.3,Month-to-month,DSL,Female
5,0,111.4,Two year,Fiber optic,Female
20,0,51.23,Month-to-month,DSL,Male
20,1,81.87,Month-to-month,Fiber optic,Female
25,0,84.82,Month-to-month,DSL,Female
30,1,77.82,Month-to-month,Fiber optic,Female
9,1,53.49,One year,DSL,Female
9,1,49.85,One year,Fiber optic,Female
20,0,69.23,Month-to-month,DSL,Female
13,1,105.18,Month-to-month,Fiber optic,Male
15,0,86.31,Month-to-month,Fiber optic,Female
20,0,58.88,Month-to-month,Fiber optic,Male
27,1,93.15,Month-to-month,Fiber optic,Male
5,0,18.0,Month-to-month,Fiber optic,Male
6,1,104.46,One year,Fiber optic,Male
2,0,18.0,Two year,No,Female
11,0,59.13,Month-to-month,DSL,Female
1,0,36.41,Two year,Fiber optic,Female
8,0,31.16,Month-to-month,Fiber optic,Male
10,1,104.82,Month-to-month,No,Female
5,1,55.97,Month-to-month,No,Female
11,0,80.4,One year,DSL,Female
1,0,68.59,Two year,DSL,Male
1,0,84.31,One year,Fiber optic,Male
21,1,72.3,Month-to-month,Fiber optic,Female
6,0,31.51,One year,Fiber optic,Male
2,1,99.89,Month-to-month,Fiber optic,Male
9,0,55.19,Two year,Fiber optic,Female
18,1,23.3,Month-to-month,DSL,Male
3,0,57.16,Month-to-month,No,Male
12,1,115.02,Month-to-month,Fiber optic,Female
2,0,95.51,One year,DSL,Male
1,1,59.54,Month-to-month,Fiber optic,Male
10,0,59.52,One year,Fiber optic,Male
10,1,60.35,Month-to-month,DSL,Male
13,1,132.3,One year,DSL,Male
16,0,81.46,One year,No,Male
45,0,82.9,One year,DSL,Male
9,0,100.91,Month-to-month,Fiber optic,Male
5,1,77.16,Month-to-month,Fiber optic,Female
20,1,62.23,Month-to-month,Fiber optic,Female
4,0,64.11,One year,Fiber optic,Female
7,1,67.85,Month-to-month,DSL,Female
1,1,68.88,Month-to-month,Fiber optic,Male
1,1,91.83,Month-to-month,DSL,Female
40,1,71.56,Month-to-month,Fiber optic,Female
22,0,91.98,One year,DSL,Male
15,0,67.58,Month-to-month,Fiber optic,Male
7,0,72.36,One year,DSL,Male
3,0,18.0,Month-to-month,DSL,Male
3,1,97.49,Month-to-month,DSL,Male
4,1,80.39,Month-to-month,DSL,Female
10,1,99.94,Month-to-month,Fiber optic,Male
16,0,18.0,Month-to-month,DSL,Female
13,0,132.65,One year,No,Female
4,1,65.81,Month-to-month,No,Male
38,1,103.25,One year,Fiber optic,Female
17,1,38.8,Month-to-month,DSL,Female
10,0,88.38,Month-to-month,DSL,Male
12,0,38.4,One year,Fiber optic,Female
7,0,51.29,Month-to-month,DSL,Female
4,1,127.42,Month-to-month,DSL,Female
6,1,64.28,Month-to-month,Fiber optic,Male
18,1,76.52,Month-to-month,Fiber optic,Male
1,1,96.1,One year,Fiber optic,Male
2,1,84.87,Month-to-month,DSL,Female
1,0,74.51,One year,Fiber optic,Male
1,1,80.95,Two year,DSL,Female
24,1,142.1,Month-to-month,DSL,Male
15,0,68.27,Two year,No,Female
8,0,76.03,Month-to-month,DSL,Male
2,0,101.52,Two year,DSL,Male
9,1,103.17,Month-to-month,DSL,Female
8,0,105.61,One year,No,Male
3,1,89.16,Month-to-month,Fiber optic,Female
7,1,35.71,Month-to-month,Fiber optic,Male
7,0,119.0,One year,Fiber optic,Male
12,0,35.61,One year,DSL,Female
13,1,79.08,Month-to-month,Fiber optic,Female
1,0,47.37,Month-to-month,DSL,Female
6,1,68.08,One year,DSL,Male
12,0,79.86,One year,Fiber optic,Female
9,0,79.64,Two year,No,Male
24,0,82.66,One year,DSL,Female
13,1,118.41,Two year,DSL,Female
3,1,83.61,One year,DSL,Female
1,1,62.68,Month-to-month,DSL,Female
13,1,98.92,Month-to-month,No,Female
1,1,105.68,One year,Fiber optic,Female
11,0,33.17,One year,Fiber optic,Male
34,1,87.92,Month-to-month,Fiber optic,Female
11,0,91.04,Month-to-month,DSL,Male
6,0,61.07,Two year,Fiber optic,Female
13,0,111.27,Month-to-month,Fiber optic,Female
8,0,65.5,Month-to-month,Fiber optic,Female
10,0,73.77,Month-to-month,No,Male
35,1,64.81,Month-to-month,Fiber optic,Male
6,0,70.47,Month-to-month,DSL,Female
39,1,37.11,Month-to-month,Fiber optic,Male
29,1,26.8,Month-to-month,DSL,Female
3,1,117.84,One year,DSL,Female
1,0,44.59,Month-to-month,DSL,Male
2,0,40.26,One year,DSL,Male
1,0,18.0,Two year,Fiber optic,Male
2,0,50.83,Month-to-month,Fiber optic,Male
14,0,30.31,One year,No,Female
1,1,119.26,Month-to-month,Fiber optic,Male
5,0,100.29,Two year,Fiber optic,Male
23,0,49.36,Month-to-month,DSL,Female
1,1,137.57,One year,DSL,Male
21,0,99.45,One year,Fiber optic,Male
4,0,60.26,Month-to-month,Fiber optic,Male
2,0,18.0,Month-to-month,Fiber optic,Male
15,1,138.73,One year,DSL,Female
12,0,28.31,One year,DSL,Female
26,1,20.64,Month-to-month,Fiber optic,Male
16,0,100.68,One year,DSL,Male
20,1,143.19,Month-to-month,DSL,Female
4,1,111.53,One year,Fiber optic,Male
3,1,86.92,Month-to-month,DSL,Male
17,0,87.84,Two year,Fiber optic,Male
20,0,95.6,Month-to-month,DSL,Male
56,0,92.77,Month-to-month,DSL,Male
7,1,78.44,Month-to-month,DSL,Male
6,1,73.13,Month-to-month,Fiber optic,Male
18,1,68.12,Month-to-month,DSL,Male
6,0,47.38,Month-to-month,Fiber optic,Male
33,1,61.58,One year,DSL,Female
24,0,19.21,Month-to-month,Fiber optic,Female
7,1,67.05,Month-to-month,DSL,Female
17,1,40.34,Month-to-month,Fiber optic,Male
17,1,36.89,Month-to-month,Fiber optic,Male
2,0,75.4,Month-to-month,No,Female
28,1,111.76,Month-to-month,DSL,Male
9,0,97.55,Month-to-month,DSL,Female
22,0,22.88,Month-to-month,DSL,Male
5,0,40.31,Month-to-month,Fiber optic,Female
28,0,98.22,Month-to-month,Fiber optic,Female
6,1,40.53,Month-to-month,Fiber optic,Female
1,1,63.26,Month-to-month,DSL,Male
29,0,86.5,Two year,DSL,Female
2,1,40.95,Month-to-month,DSL,Male
5,1,73.16,One year,No,Male
36,0,29.98,Month-to-month,Fiber optic,Male
37,0,51.96,One year,No,Male
11,0,79.59,One year,DSL,Male
12,0,22.21,Month-to-month,Fiber optic,Male
8,1,83.21,Two year,Fiber optic,Male
5,1,69.41,Month-to-month,DSL,Female
5,0,86.57,Month-to-month,Fiber optic,Female
14,1,76.72,One year,No,Female
17,0,110.92,One year,No,Male
19,0,73.76,Month-to-month,Fiber optic,Male
19,0,57.12,Month-to-month,DSL,Male
2,1,73.67,Month-to-month,DSL,Male
9,1,86.3,Month-to-month,No,Female
1,1,71.47,One year,DSL,Male
10,1,71.22,Month-to-month,Fiber optic,Female
7,0,48.94,Month-to-month,Fiber optic,Male
27,1,50.11,Month-to-month,Fiber optic,Female
6,0,27.92,Month-to-month,No,Male
2,1,122.49,Month-to-month,DSL,Female
2,0,32.68,One year,DSL,Male
18,0,49.21,Two year,DSL,Female
12,0,48.45,One year,Fiber optic,Male
2,1,96.85,Month-to-month,DSL,Female
2,0,61.15,Two year,DSL,Female
15,0,107.43,One year,Fiber optic,Male
1,0,49.8,One year,No,Female
21,1,78.37,Month-to-month,DSL,Male
15,0,44.94,Month-to-month,DSL,Male
2,1,134.35,Month-to-month,No,Male
2,0,34.37,Month-to-month,DSL,Female
52,0,79.29,Month-to-month,DSL,Female
6,1,89.01,Month-to-month,DSL,Male
6,1,82.41,Month-to-month,Fiber optic,Male
21,0,64.44,One year,DSL,Female
36,0,66.11,Month-to-month,No,Female
52,0,71.31,Month-to-month,Fiber optic,Female
17,0,65.59,Two year,Fiber optic,Male
6,0,98.92,Two year,DSL,Male
2,1,136.32,One year,Fiber optic,Male
19,0,53.28,Two year,Fiber optic,Male
10,1,28.91,Month-to-month,Fiber optic,Male
7,0,67.35,Two year,Fiber optic,Female
29,1,147.39,Month-to-month,Fiber optic,Male
2,1,45.89,Month-to-month,No,Female
9,1,119.17,Month-to-month,Fiber optic,Female
1,1,120.33,Month-to-month,Fiber optic,Male
8,1,53.39,Month-to-month,DSL,Female
1,1,87.07,One year,DSL,Male
2,1,118.85,One year,DSL,Female
2,1,58.63,Month-to-month,Fiber optic,Male
13,0,63.89,Month-to-month,Fiber optic,Male
17,0,52.55,One year,Fiber optic,Female
11,0,39.56,One year,No,Male
40,0,50.52,Month-to-month,No,Female
6,1,33.28,One year,No,Male
5,1,71.02,Month-to-month,DSL,Male
25,0,46.9,Month-to-month,Fiber optic,Male
4,1,77.01,Two year,DSL,Female
40,0,23.32,Month-to-month,DSL,Female
1,1,79.93,Month-to-month,DSL,Male
43,0,95.01,Two year,DSL,Female
1,0,18.0,One year,Fiber optic,Male
27,0,81.22,Month-to-month,Fiber optic,Female
10,1,106.83,Month-to-month,DSL,Female
60,1,33.71,Month-to-month,Fiber optic,Male
1,0,120.18,One year,Fiber optic,Male
10,1,82.57,Month-to-month,DSL,Male
42,1,48.85,Month-to-month,Fiber optic,Male
9,0,68.33,Two year,DSL,Male
12,1,86.75,Month-to-month,Fiber optic,Female
15,1,72.28,Month-to-month,Fiber optic,Female
8,0,86.16,Month-to-month,DSL,Male
12,0,42.38,One year,DSL,Male
11,1,75.08,Month-to-month,Fiber optic,Male
28,0,27.59,Month-to-month,No,Female
1,0,66.66,One year,DSL,Male
4,1,42.88,Month-to-month,Fiber optic,Male
37,0,47.93,Month-to-month,Fiber optic,Female
27,1,107.08,Month-to-month,No,Female
8,1,102.74,Month-to-month,Fiber optic,Female
12,1,88.27,Month-to-month,Fiber optic,Female
4,1,37.23,Month-to-month,Fiber optic,Male
3,0,60.51,Month-to-month,No,Female
8,0,106.39,Month-to-month,DSL,Female
6,0,74.25,One year,DSL,Male
11,1,139.58,Two year,DSL,Male
1,1,81.8,One year,Fiber optic,Male
44,0,75.76,Two year,Fiber optic,Female
52,1,60.73,Month-to-month,DSL,Male
15,1,74.01,Two year,Fiber optic,Female
10,1,65.43,Month-to-month,Fiber optic,Female
5,0,91.24,Two year,DSL,Female
21,1,98.7,Two year,No,Male
14,0,46.42,One year,DSL,Female
3,0,30.06,Two year,DSL,Male
30,0,18.0,Month-to-month,Fiber optic,Male
21,1,85.24,Month-to-month,Fiber optic,Male
36,1,36.9,Month-to-month,DSL,Female
16,0,18.0,Month-to-month,Fiber optic,Female
12,1,81.66,Month-to-month,Fiber optic,Female
7,0,144.79,One year,DSL,Male
33,0,69.82,Two year,DSL,Female
25,1,95.15,Month-to-month,Fiber optic,Female
1,1,72.45,One year,DSL,Female
1,0,67.03,Two year,No,Female
6,1,97.57,Two year,Fiber optic,Female
20,1,61.29,Two year,No,Male
53,1,78.02,Month-to-month,DSL,Male
2,0,79.65,Two year,No,Male
11,0,49.96,One year,Fiber optic,Male
6,1,99.76,Month-to-month,DSL,Female
43,1,64.75,Month-to-month,DSL,Male
23,1,47.33,One year,DSL,Female
22,1,86.1,Month-to-month,Fiber optic,Male
8,0,43.05,One year,Fiber optic,Male
7,1,70.85,One year,DSL,Male
4,0,69.73,Month-to-month,Fiber optic,Female
1,1,102.58,Month-to-month,DSL,Female
25,0,84.24,One year,Fiber optic,Male
21,0,69.25,Month-to-month,DSL,Female
99,0,94.53,Month-to-month,Fiber optic,Male
69,1,111.71,Month-to-month,Fiber optic,Male
10,1,86.73,Month-to-month,Fiber optic,Male
18,0,70.31,Two year,DSL,Female
35,0,30.64,Month-to-month,DSL,Male
23,0,38.05,One year,Fiber optic,Male
4,1,60.84,Month-to-month,DSL,Male
8,0,51.71,Month-to-month,DSL,Female
2,0,64.39,One year,DSL,Male
37,0,71.7,One year,Fiber optic,Female
12,1,85.89,Month-to-month,Fiber optic,Male
4,1,67.89,Month-to-month,Fiber optic,Female
14,1,84.6,Month-to-month,DSL,Male
12,0,71.93,Month-to-month,DSL,Male
6,0,18.0,One year,Fiber optic,Female
2,0,41.82,Month-to-month,Fiber optic,Female
14,0,65.68,Month-to-month,DSL,Male
9,1,33.71,Month-to-month,Fiber optic,Female
18,1,88.0,Two year,DSL,Male
9,0,115.92,Two year,No,Male
23,1,106.56,Month-to-month,DSL,Male
10,1,63.6,One year,No,Female
10,1,114.72,Month-to-month,Fiber optic,Male
26,0,74.46,Month-to-month,Fiber optic,Female
7,1,59.89,One year,DSL,Male
2,0,51.6,Two year,Fiber optic,Female
1,0,60.93,Two year,Fiber optic,Female
17,1,58.35,Month-to-month,DSL,Male
12,1,75.11,Month-to-month,Fiber optic,Female
15,0,74.82,One year,No,Male
3,1,70.09,Month-to-month,Fiber optic,Male
2,1,83.11,Month-to-month,Fiber optic,Male
1,0,105.72,Month-to-month,DSL,Male
6,1,98.49,One year,Fiber optic,Male
11,1,25.45,Month-to-month,DSL,Female
6,0,18.0,Month-to-month,Fiber optic,Male
7,0,98.03,Two year,No,Female
29,0,28.99,Month-to-month,Fiber optic,Female
6,0,63.26,Month-to-month,DSL,Male
9,0,34.9,Month-to-month,DSL,Female
19,1,18.0,Month-to-month,Fiber optic,Male
7,0,86.24,Month-to-month,Fiber optic,Female
12,1,92.77,Month-to-month,Fiber optic,Female
24,0,52.7,Two year,Fiber optic,Female
36,0,18.0,Month-to-month,Fiber optic,Male
2,0,53.61,Two year,DSL,Female
32,0,81.75,Month-to-month,DSL,Male
9,0,25.63,Month-to-month,DSL,Female
4,0,75.5,Month-to-month,DSL,Female
8,0,69.54,Month-to-month,Fiber optic,Female
47,0,87.38,One year,Fiber optic,Female
9,0,73.59,Month-to-month,Fiber optic,Male
5,0,40.81,Month-to-month,DSL,Male
13,0,105.9,Two year,DSL,Female
4,0,65.24,Two year,DSL,Female
1,0,69.18,Two year,DSL,Male
2,1,42.0,Month-to-month,Fiber optic,Male
2,0,56.7,One year,DSL,Male
2,1,43.46,Month-to-month,Fiber optic,Male
2,1,64.81,Month-to-month,DSL,Female
13,1,121.35,Month-to-month,No,Female
3,1,28.84,Month-to-month,Fiber optic,Male
6,0,21.59,Month-to-month,DSL,Male
28,1,114.14,Month-to-month,Fiber optic,Male
8,0,63.72,Two year,Fiber optic,Male
14,0,49.93,Month-to-month,No,Male
3,1,101.2,Month-to-month,DSL,Male
3,1,51.83,Month-to-month,No,Female
1,1,124.78,Two year,No,Female
3,1,90.34,Month-to-month,No,Female
4,1,55.36,Month-to-month,Fiber optic,Male
3,1,134.72,One year,Fiber optic,Male
2,1,51.83,One year,Fiber optic,Male
2,1,92.26,Month-to-month,Fiber optic,Female
8,0,78.98,One year,Fiber optic,Male
3,1,109.05,One year,Fiber optic,Male
6,0,116.85,One year,Fiber optic,Female
9,0,70.96,Month-to-month,Fiber optic,Male
15,0,47.4,Two year,Fiber optic,Female
1,1,83.8,Month-to-month,DSL,Female
20,0,49.67,Month-to-month,Fiber optic,Male
12,1,130.4,Month-to-month,Fiber optic,Female
2,0,74.1,Month-to-month,Fiber optic,Male
25,0,59.04,Month-to-month,Fiber optic,Female
31,1,75.54,One year,DSL,Male
1,1,29.59,Month-to-month,No,Female
4,0,40.85,Month-to-month,DSL,Male
20,1,106.01,Month-to-month,Fiber optic,Female
17,1,50.29,Month-to-month,Fiber optic,Female
3,1,38.59,Two year,Fiber optic,Female
3,1,86.1,Month-to-month,DSL,Male
6,1,105.57,Month-to-month,Fiber optic,Male
8,1,91.57,Month-to-month,DSL,Female
12,0,99.88,Month-to-month,DSL,Male
6,0,47.3,Month-to-month,DSL,Female
8,0,27.35,One year,DSL,Male
17,0,115.04,Two year,No,Female
1,0,60.32,Month-to-month,No,Male
4,0,62.48,One year,DSL,Female
15,0,109.85,One year,Fiber optic,Female
28,0,86.69,One year,DSL,Female
9,1,83.68,Month-to-month,Fiber optic,Female
10,1,134.95,Month-to-month,Fiber optic,Male
2,0,50.69,Month-to-month,No,Female
8,0,97.84,One year,Fiber optic,Male
10,1,71.71,One year,Fiber optic,Male
4,1,78.06,Month-to-month,DSL,Female
4,1,115.85,Month-to-month,No,Male
6,0,85.24,Two year,DSL,Male
1,1,86.15,One year,Fiber optic,Male
5,0,102.18,Two year,Fiber optic,Female
3,0,59.05,One year,Fiber optic,Male
5,1,44.82,Month-to-month,DSL,Male
2,0,38.66,Month-to-month,No,Female
27,0,18.0,One year,DSL,Female
11,1,131.69,Month-to-month,Fiber optic,Male
14,0,36.9,Month-to-month,DSL,Female
19,0,63.36,One year,DSL,Male
9,0,61.7,Month-to-month,Fiber optic,Male
2,0,79.22,One year,Fiber optic,Male
10,0,94.47,Month-to-month,DSL,Female
11,0,95.81,Two year,DSL,Male
17,1,52.51,Month-to-month,Fiber optic,Female
7,1,64.99,Month-to-month,Fiber optic,Female
2,0,78.48,One year,No,Male
5,0,62.54,Month-to-month,DSL,Female
6,1,118.22,One year,DSL,Female
13,0,84.73,One year,DSL,Female
11,1,92.05,Month-to-month,DSL,Female
6,1,89.89,Month-to-month,Fiber optic,Female
52,1,105.2,Month-to-month,Fiber optic,Male
12,0,75.43,Month-to-month,DSL,Female
4,0,31.1,Two year,DSL,Male
2,0,81.99,One year,DSL,Male
2,0,50.46,One year,Fiber optic,Male
4,0,54.14,One year,No,Male
3,1,87.59,Month-to-month,DSL,Male
3,1,107.15,Two year,DSL,Male
5,0,70.64,One year,No,Female
3,0,79.26,One year,No,Female
28,1,121.07,Two year,Fiber optic,Female
2,0,77.22,Month-to-month,DSL,Male
9,0,148.05,One year,DSL,Female
7,0,86.97,Month-to-month,Fiber optic,Female
49,0,18.0,Month-to-month,DSL,Female
2,1,92.6,Month-to-month,DSL,Male
7,0,81.43,Two year,Fiber optic,Female
42,0,108.69,Two year,DSL,Male
25,0,90.2,One year,Fiber optic,Female
21,1,65.85,One year,DSL,Male
4,1,33.27,Month-to-month,DSL,Male
3,1,63.73,Two year,Fiber optic,Male
14,0,44.48,Month-to-month,DSL,Female
32,1,52.58,Month-to-month,No,Female
10,1,87.66,Month-to-month,Fiber optic,Male
11,0,120.1,One year,DSL,Female
4,1,81.84,One year,Fiber optic,Male
18,0,34.12,Month-to-month,DSL,Male
3,1,83.34,Month-to-month,No,Female
5,0,105.9,One year,DSL,Female
7,1,51.71,Month-to-month,Fiber optic,Female
9,1,65.98,One year,DSL,Male
4,0,70.44,Two year,Fiber optic,Male
2,1,46.45,Month-to-month,Fiber optic,Female
12,1,89.45,Month-to-month,Fiber optic,Male
5,0,66.37,One year,DSL,Female
11,1,82.59,One year,DSL,Male
3,1,43.38,Month-to-month,Fiber optic,Female
8,1,56.88,Two year,No,Female
10,1,91.67,Month-to-month,DSL,Male
1,1,58.82,Month-to-month,Fiber optic,Female
5,1,121.81,One year,DSL,Female
2,1,58.01,Two year,No,Male
1,1,76.74,Month-to-month,DSL,Female
56,1,97.98,One year,DSL,Male
5,0,27.45,Month-to-month,Fiber optic,Female
20,0,18.0,Month-to-month,DSL,Male
4,0,24.23,Month-to-month,Fiber optic,Female
14,0,107.88,Two year,Fiber optic,Female
18,0,53.44,Month-to-month,DSL,Female
11,0,146.75,Month-to-month,DSL,Female
8,1,53.07,Month-to-month,Fiber optic,Male
7,0,75.54,Two year,DSL,Male
6,1,116.26,One year,Fiber optic,Male
32,1,130.18,One year,Fiber optic,Male
22,1,131.85,Month-to-month,Fiber optic,Male
41,0,106.25,One year,DSL,Male
2,1,100.72,Month-to-month,DSL,Male
16,0,87.78,One year,DSL,Female
34,0,93.35,Two year,DSL,Female
3,0,53.46,Month-to-month,Fiber optic,Female
1,0,45.45,One year,Fiber optic,Female
17,0,69.9,Month-to-month,DSL,Male
11,0,64.89,Month-to-month,DSL,Male
23,1,56.4,Month-to-month,DSL,Male
2,0,90.89,Month-to-month,Fiber optic,Female
20,0,98.66,Month-to-month,DSL,Male
3,0,72.65,One year,Fiber optic,Female
3,0,114.33,Month-to-month,DSL,Male
3,0,35.75,One year,No,Male
21,1,64.19,Month-to-month,No,Male
14,0,48.5,Month-to-month,DSL,Male
9,0,18.0,One year,DSL,Female
6,0,67.52,Month-to-month,Fiber optic,Female
26,1,66.35,Month-to-month,DSL,Male
6,0,115.4,One year,Fiber optic,Female
21,1,88.92,Month-to-month,Fiber optic,Male
7,0,39.27,Month-to-month,Fiber optic,Male
6,1,125.62,Month-to-month,Fiber optic,Male
8,1,106.63,Two year,DSL,Male
5,0,87.46,One year,DSL,Female
17,0,63.21,One year,Fiber optic,Male
9,0,41.22,One year,DSL,Male
4,1,58.83,Month-to-month,Fiber optic,Female
28,1,102.66,Month-to-month,DSL,Male
6,0,126.54,One year,DSL,Female
10,0,116.3,Month-to-month,No,Male
29,0,55.33,Month-to-month,DSL,Male
12,0,36.41,Month-to-month,No,Male
2,0,74.23,Month-to-month,No,Male
34,1,18.0,Two year,Fiber optic,Male
12,1,79.7,Month-to-month,Fiber optic,Male
5,1,65.57,Month-to-month,Fiber optic,Female
2,0,56.02,Month-to-month,No,Male
19,0,22.16,Two year,DSL,Female
12,0,85.41,Month-to-month,Fiber optic,Female
10,1,54.02,Month-to-month,Fiber optic,Male
27,0,34.9,One year,Fiber optic,Female
19,0,18.0,One year,Fiber optic,Male
2,0,69.17,Month-to-month,DSL,Female
5,1,123.17,Month-to-month,Fiber optic,Male
4,1,119.84,Month-to-month,No,Female
17,0,56.29,Month-to-month,DSL,Female
1,0,51.93,Month-to-month,No,Male
11,1,84.06,Month-to-month,Fiber optic,Female
18,1,40.05,Month-to-month,Fiber optic,Male
26,0,79.05,Month-to-month,Fiber optic,Male
6,1,92.98,One year,Fiber optic,Male
21,1,106.81,Two year,DSL,Male
2,0,67.0,One year,Fiber optic,Male
23,1,63.89,Month-to-month,DSL,Female
2,0,43.66,Month-to-month,No,Female
7,0,45.19,Two year,No,Female
20,0,63.21,Month-to-month,DSL,Male
2,0,81.02,Month-to-month,DSL,Female
4,1,97.41,Month-to-month,Fiber optic,Female
16,0,45.9,One year,DSL,Female
16,1,114.78,One year,No,Female
13,0,61.87,Month-to-month,DSL,Female
15,1,69.36,Month-to-month,DSL,Male
10,0,47.58,Two year,No,Male
4,1,18.0,Month-to-month,Fiber optic,Female
6,1,96.52,One year,Fiber optic,Male
3,1,92.11,One year,DSL,Male
29,0,61.56,One year,Fiber optic,Female
11,0,72.01,Month-to-month,Fiber optic,Female
7,0,85.48,Month-to-month,Fiber optic,Male
8,0,23.12,Month-to-month,Fiber optic,Female
36,0,54.13,Two year,Fiber optic,Male
2,1,93.83,Two year,Fiber optic,Male
11,1,32.37,Month-to-month,DSL,Female
9,0,78.81,Month-to-month,Fiber optic,Male
12,0,29.3,Two year,DSL,Male
1,0,83.99,One year,Fiber optic,Male
25,0,68.93,Two year,DSL,Female
33,1,21.55,Month-to-month,Fiber optic,Female
10,1,104.94,Month-to-month,Fiber optic,Female
15,0,47.96,One year,DSL,Female
31,0,45.69,One year,DSL,Male
15,1,76.02,Month-to-month,DSL,Female
2,1,104.46,Month-to-month,Fiber optic,Female
11,1,39.53,Month-to-month,Fiber optic,Female
12,1,71.85,Month-to-month,DSL,Female
7,1,82.86,Month-to-month,Fiber optic,Male
17,0,90.79,Two year,DSL,Male
33,1,75.29,Month-to-month,Fiber optic,Male
32,1,58.99,One year,No,Female
8,0,45.17,Month-to-month,DSL,Female
2,0,72.58,One year,Fiber optic,Male
51,0,37.84,Two year,DSL,Female
22,0,18.0,Month-to-month,DSL,Female
2,0,83.1,Month-to-month,DSL,Male
31,0,97.12,Month-to-month,DSL,Male
25,0,18.0,Month-to-month,Fiber optic,Female
9,0,39.71,One year,Fiber optic,Female
11,0,88.57,Two year,Fiber optic,Female
7,1,131.72,Month-to-month,DSL,Male
1,0,70.62,Month-to-month,DSL,Male
5,1,48.16,Month-to-month,Fiber optic,Male
20,1,64.51,One year,No,Male
1,0,111.25,Month-to-month,DSL,Female
5,0,50.62,Month-to-month,No,Male
7,0,46.02,One year,Fiber optic,Male
10,0,55.52,One year,Fiber optic,Female
31,1,41.4,Month-to-month,Fiber optic,Female
6,1,73.68,One year,DSL,Female
6,1,118.74,Month-to-month,DSL,Male
17,1,79.69,Month-to-month,Fiber optic,Female
8,1,62.43,Two year,DSL,Female
4,1,61.25,One year,No,Male
8,0,23.1,Month-to-month,Fiber optic,Male
2,1,96.49,Month-to-month,DSL,Female
3,1,67.66,Month-to-month,Fiber optic,Male
9,0,64.59,Month-to-month,DSL,Female
7,0,150.0,Month-to-month,Fiber optic,Female
30,0,78.96,Month-to-month,Fiber optic,Male
6,1,47.45,Month-to-month,No,Female
11,0,57.21,One year,Fiber optic,Male
13,1,104.45,One year,Fiber optic,Male
1,0,73.4,One year,Fiber optic,Male
14,0,26.85,Month-to-month,No,Female
3,0,97.58,Two year,DSL,Male
39,0,49.96,One year,DSL,Male
2,0,126.2,One year,DSL,Female
7,0,102.4,One year,DSL,Female
2,0,56.58,Two year,Fiber optic,Female
70,1,108.43,Month-to-month,Fiber optic,Female
9,1,72.04,Month-to-month,Fiber optic,Male
11,0,95.58,One year,DSL,Male
1,0,84.54,One year,Fiber optic,Male
17,1,44.61,One year,DSL,Female
3,0,50.69,Month-to-month,Fiber optic,Female
28,1,100.9,Month-to-month,Fiber optic,Male
3,0,59.96,Month-to-month,DSL,Female
3,1,57.89,Two year,DSL,Female
1,0,41.35,Month-to-month,DSL,Male
8,1,82.71,Month-to-month,Fiber optic,Male
10,1,131.88,Month-to-month,No,Female
1,0,37.97,Month-to-month,Fiber optic,Female
18,0,70.73,Two year,DSL,Female
8,0,112.37,One year,Fiber optic,Male
9,0,67.61,One year,Fiber optic,Male
7,1,83.57,Month-to-month,Fiber optic,Male
7,0,38.13,One year,DSL,Male
10,0,82.85,Month-to-month,DSL,Male
3,0,64.39,One year,Fiber optic,Female
3,1,99.57,Month-to-month,DSL,Female
24,1,105.62,Month-to-month,DSL,Female
36,1,147.69,One year,DSL,Male
6,1,87.39,Two year,Fiber optic,Male
4,0,79.77,Month-to-month,No,Male
13,1,75.83,One year,No,Female
7,1,59.41,Month-to-month,Fiber optic,Male
1,1,80.15,Month-to-month,Fiber optic,Male
3,0,61.14,Month-to-month,DSL,Female
16,0,75.05,Month-to-month,Fiber optic,Male
13,1,109.53,Month-to-month,DSL,Female
1,1,39.8,Month-to-month,Fiber optic,Male
4,0,104.2,Month-to-month,DSL,Male
4,1,109.51,Two year,DSL,Female
14,1,66.46,Month-to-month,DSL,Female
1,0,18.0,One year,DSL,Female
2,1,51.77,Month-to-month,DSL,Female
20,1,108.91,One year,DSL,Female
3,0,69.31,Month-to-month,No,Female
13,1,40.02,Month-to-month,Fiber optic,Male
4,0,54.86,Month-to-month,Fiber optic,Male
2,0,95.22,Month-to-month,No,Female
4,1,86.4,Month-to-month,No,Male
16,0,62.83,One year,Fiber optic,Female
24,0,59.0,Two year,Fiber optic,Male
22,0,58.25,One year,DSL,Female
7,0,42.33,One year,DSL,Male
14,1,118.46,Month-to-month,Fiber optic,Male
3,1,60.33,Month-to-month,Fiber optic,Male
5,0,106.51,Month-to-month,Fiber optic,Male
28,1,115.64,Month-to-month,DSL,Male
1,1,99.95,Month-to-month,DSL,Female
2,1,57.05,Month-to-month,Fiber optic,Female
3,1,82.11,Month-to-month,DSL,Female
1,0,69.27,Month-to-month,Fiber optic,Male
3,0,42.89,One year,Fiber optic,Female
11,0,79.73,One year,Fiber optic,Male
7,0,34.63,Month-to-month,Fiber optic,Male
27,0,105.63,Two year,No,Male
21,0,56.06,Two year,Fiber optic,Female
6,0,76.03,Month-to-month,Fiber optic,Male
4,0,78.5,Month-to-month,Fiber optic,Female
6,0,62.23,Month-to-month,DSL,Female
11,0,87.6,Two year,DSL,Male
4,0,55.75,Two year,DSL,Male
12,0,96.14,Month-to-month,Fiber optic,Female
7,0,29.62,Month-to-month,Fiber optic,Female
10,1,73.79,Month-to-month,Fiber optic,Female
7,1,128.17,Month-to-month,DSL,Female
5,0,39.99,Month-to-month,DSL,Female
36,0,49.67,Two year,No,Female
18,1,85.42,One year,DSL,Male
2,0,75.39,One year,Fiber optic,Female
25,1,80.52,Two year,Fiber optic,Female
9,0,84.68,One year,Fiber optic,Female
27,0,89.04,Month-to-month,DSL,Female
20,1,103.29,One year,DSL,Male
7,1,82.29,Month-to-month,DSL,Male
1,1,62.76,One year,Fiber optic,Female
4,1,90.18,Month-to-month,Fiber optic,Female
10,0,127.0,One year,DSL,Female
13,0,66.02,Month-to-month,Fiber optic,Male
4,0,40.76,Month-to-month,Fiber optic,Male
2,1,103.21,Month-to-month,DSL,Male
22,1,66.39,Month-to-month,Fiber optic,Male
50,0,18.0,One year,Fiber optic,Male
9,0,95.42,One year,DSL,Male
3,0,53.94,Month-to-month,DSL,Female
4,1,67.28,Month-to-month,Fiber optic,Male
1,0,79.96,Month-to-month,No,Male
30,1,75.71,Month-to-month,Fiber optic,Female
2,1,91.28,Month-to-month,Fiber optic,Male
11,0,56.94,Two year,Fiber optic,Female
4,1,85.39,Month-to-month,DSL,Male
10,1,62.21,Month-to-month,Fiber optic,Female
13,1,92.16,Month-to-month,Fiber optic,Female
22,0,88.46,Month-to-month,DSL,Female
3,1,41.94,Month-to-month,Fiber optic,Female
1,0,102.58,One year,Fiber optic,Female
2,1,53.92,Month-to-month,DSL,Male
28,1,94.24,Month-to-month,No,Male
25,0,81.02,Month-to-month,DSL,Female
11,1,125.15,Month-to-month,DSL,Female
12,1,63.3,Month-to-month,DSL,Female
14,0,59.52,Two year,Fiber optic,Male
3,0,69.42,One year,Fiber optic,Female
30,0,60.9,Month-to-month,DSL,Female
7,0,94.0,Month-to-month,Fiber optic,Female
6,0,21.51,Month-to-month,DSL,Female
9,1,38.39,Month-to-month,Fiber optic,Male
1,1,37.97,One year,Fiber optic,Female
3,0,98.51,One year,Fiber optic,Female
17,1,121.32,Month-to-month,No,Male
2,1,66.87,Month-to-month,DSL,Female
12,1,64.94,Month-to-month,DSL,Female
4,1,72.1,Two year,Fiber optic,Male
6,1,104.86,One year,No,Male
5,0,42.18,Month-to-month,DSL,Male
6,0,77.15,Month-to-month,DSL,Female
16,0,99.26,One year,DSL,Female
5,0,85.03,Month-to-month,Fiber optic,Male
11,0,75.69,Month-to-month,DSL,Male
8,1,100.03,Month-to-month,Fiber optic,Male
14,0,18.0,One year,No,Female
34,1,90.34,Month-to-month,Fiber optic,Female
16,0,50.38,Month-to-month,DSL,Male
3,0,18.0,Two year,Fiber optic,Female
1,0,85.34,Month-to-month,DSL,Male
4,0,111.21,Month-to-month,No,Female
11,0,65.88,Month-to-month,Fiber optic,Female
1,1,98.59,Month-to-month,DSL,Female
9,0,118.37,One year,Fiber optic,Female
11,0,109.45,Month-to-month,Fiber optic,Male
5,1,119.2,Month-to-month,Fiber optic,Female
18,1,92.26,Month-to-month,DSL,Female
2,0,72.26,One year,Fiber optic,Male
1,1,21.94,One year,No,Female
16,0,62.62,Month-to-month,Fiber optic,Male
9,1,44.7,Month-to-month,No,Male
14,1,135.13,One year,DSL,Female
7,0,64.72,Month-to-month,Fiber optic,Female
4,0,73.7,One year,Fiber optic,Male
21,0,86.54,One year,Fiber optic,Male
20,0,71.31,One year,Fiber optic,Male
15,1,120.85,Month-to-month,DSL,Female
4,1,51.32,Month-to-month,DSL,Male
11,0,75.84,One year,DSL,Male
6,1,47.73,Month-to-month,DSL,Male
2,0,30.4,Month-to-month,Fiber optic,Female
30,0,51.65,Two year,DSL,Male
2,0,68.89,Two year,DSL,Female
37,0,57.12,Month-to-month,Fiber optic,Female
8,1,49.23,Month-to-month,Fiber optic,Male
